album,artist,release_date,songs,duration_min,rating
Turn On The Bright Lights,Interpol,2002,11,49,3
El Equilibrio De Los Jaguares,Jaguares,1996,15,67,1
"Awaken, My Love!",Childish Gambino,2016,11,49,3
Un Verano Sin Ti,Bad Bunny,2022,23,81,2
Somersault,Beach Fossils,2017,11,35,4
Ill Communication,Beastie Boys,1994,20,60,4
Amor Prohibido,Selena,1994,12,61,1
Amor Vincit Omnia,Draco Rosa,2009,9,41,1
Y Volveré,Los Angeles Negros,1970,12,35,1
Aztlán,Zoe,2018,12,55,2
Kill'Em All,Metallica,1983,10,51,4
Yeezus,Kanye West,2013,10,40,3
Elephants On Acid,Cypress Hill,2018,21,52,1
Sour,Olivia Rodrigo,2021,11,35,3
Lateralus,Tool,2001,13,76,3
Disorder,Kxllswxtch,2021,12,22,2
Paris Texas,Kevin Kaarl,2022,13,56,2
III,BadBadNotGood,2014,9,49,3
The Other Side Of Life: Piano Ballads,Beach Fossils,2021,8,26,4
Hot Dreams,Timber Timbre,2014,10,43,5
Jinx,Crumb,2019,10,27,4
Substance,Joy Division,1977,19,68,2
Play,Moby,1999,18,63,2
Inside Every Fig is a Dead Wasp,Lunar Vacation,2021,11,33,3
Brothas Doobie,Funkdoobiest,1995,13,47,5
Cypress Hill,Cypress Hill,1991,16,47,3
Barrio Bravo,Celso Piña,2001,13,48,2
Más,Alejandro Sanz,1997,13,51,2
Stereo Hits,Moenia,2005,10,39,2
On The Attack,Gillette,1994,10,35,2
Turista Del Amor,Jotdog,2012,11,42,1
The B-52's,The B-52's,1979,9,40,3
Beat,Bowery Electric,1996,10,63,5
Hollywood's Bleeding,Post Malone,2019,17,51,1
Weezer,Weezer,1994,10,41,3
There Is A Hell Believe Me,Bring Me The Horizon,2010,12,53,3
Ramones,Ramones,1976,14,29,2
Be Thankful For What You Got,William DeVaughn,1980,9,39,3
The Gang's All Here,Skid Row,2022,10,41,2
Summet Nights,Twice,2018,9,30,3
Max & Match,Loona,2017,8,25,2
La Araña Es La Vida,Kid Congo & The Pink Monkey Birds,2016,12,48,3
Mechanical Bull,King Of Leon,2013,13,51,2
Stankonia,Outkast,2000,24,73,1
The Other Side Of Make-Believe,Interpol,2022,11,46,2
The Shadow,Naked Giants,2020,11,39,3
Twicetagram,Twice,2017,13,44,2
Feel Special,Twice,2019,7,23,3
Teatro D'ira,Maneskin,2021,8,29,3
Nevermind,Nirvana,1991,13,49,3
Debut,Bjork,1993,11,49,4
Kid A,Radiohead,2000,11,47,4
Portishead,Portishead,1997,11,50,4
Vulgar Display Of Power,Pantera,1992,11,53,3
Lonerism,Tame Impala,2012,12,52,2
Weezer (Green Album),Weezer,2001,10,29,3
Blurryface,Twenty One Pilots,2015,14,52,1
With Teeth,Nine Inch Nails,2005,13,56,4
Sam's Town,The Killers,2006,12,44,1
Minutes To Midnight,Linkin Park,2007,12,44,3
From The Fires,Greta Van Fleet,2017,8,32,1
Post Human: Survival Horror,Bring Me The Horizon,2020,9,32,2
Fear Of The Dawn,Jack White,2022,12,40,3
The Forever Story,JID,2022,16,66,2
Bocanada,Gustavo Cerati,1999,15,69,2
The Doors,The Doors,1967,11,44,4
The Piper At The Gates Of Dawn,Pink Floyd,1967,11,42,5
Signal,Twice,2017,6,20,2
Drawning Black Lines,Project 86,2000,12,57,3
Silent Hil 2 Original Sountrack,Akira Yamaoka,2001,30,73,4
Salad Days,Mac DeMarco,2014,11,35,4
Thriller,Michael Jackson,1982,9,42,3
Parachutes,Coldplay,2000,10,42,5
Lost In The Dream,The War On Drugs,2014,10,60,3
Memo Rex Commander Y El Corazón Atómico De La Vía Láctea,Zoé,2006,13,54,2
The Dark Side Of The Moon,Pink Floyd,1973,10,43,4
This Old Dog,Mac DeMarco,2017,13,42,4
Reptilectric,Zoé,2008,11,42,1
Head Hunters,Herbie Hancock,1973,4,42,3
DAMN.,Kendrick Lamar,2017,14,55,3
Highway To Hell,ACDC,1979,10,42,5
Black Holes and Revelations,Muse,2006,12,50,3
Five Easy Hot Dogs,MacDeMarco,2023,14,35,1
Ride The Lightning,Metallica,1984,8,47,4
Mordechai,Khruangbin,2020,10,44,3
San Lucas,Kevin Kaarl,2019,7,23,2
eduardo,Ed Maverick,2021,12,44,3
CINEMA,The Marias,2021,13,40,4
Con Todo El Mundo,Khruangbin,2018,9,42,3
Vol. 3: The Subliminal Verses,Slipknot,2002,22,69,5
Vibes,Vacations,2016,6,16,3
The World We Knew,Frank Sinatra,1967,10,28,3
In Our Nature,Jose Gonzalez,2007,11,37,3
Intimate Fonk,Dabeull,2019,5,18,3
Iowa,Slipknot,2001,14,66,3
Midnights,Taylor Swift,2022,20,44,1
eat ya veggies,bbno$,2021,12,30,4
Let My People Go,Darondo,2005,9,36,3
Discovery,Daft Punk,2001,14,61,2
Dummy,Portishead,1994,11,49,4
In Rainbows,Radiohead,2007,10,43,5
Si,Julieta Venegas,2003,10,35,3
Mambo,Perez Prado,1999,18,55,3
Artaud,Pescado Rabioso,1973,9,36,3
Bossa Nova,Sunset Rolletcoaster,2011,12,37,3
We Are,Jon Batiste,2021,13,38,2
Hollywood Africans,Jon Batiste,2018,11,42,2
.5: The Gray Chapter,Slipknot,2014,16,74,3
Ritual De Lo Habitual,Jane's Addiction,1990,9,52,3
American IV: The Man Comes Around,Johnny Cash,2002,15,52,2
Para Tucancillos Y Tucancillas,Los Tucanes De Tijuana,2017,20,67,2
Alma Vacía,Ivan Cornejo,2021,7,25,3
Sonic Highways,Foo Fighters,2014,8,42,3
Legend,Alton Ellis,2017,12,30,1
The Fabulous Johnny Cash,Johnny Cash,1958,12,28,3
Evil Empire,Rage Against The Machine,1996,11,46,3
Thrust,Herbie Hancock,1974,4,39,4
The Bends,Radiohead,1995,12,49,4
Gettin' High On Your Own Supply,Apollo 440,1998,13,56,2
Caifanes,Caifanes,1988,11,46,2
Innerworld,Electric Youth,2014,15,56,3
Master Of Reality,Black Sabbath,1971,8,34,3
Songs To Burn Bridges By,Project 86,2004,14,51,2
Sister,Sonic Youth,1987,11,43,1
Black Album,Metallica,2021,12,62,4
Bon Jovi,Bon Jovi,1984,9,39,1
La Folie,The Stranglers,1981,17,62,2
Tonight Alright,Spiderbait,2004,12,36,2
America,America,1972,12,46,3
Música De Fondo,Zoé,2011,15,64,2
Elephant,The White Stripes,2003,14,51,2
Days,Real Estate,2011,10,41,3
With His Hot And Blue Guitar,Johnny Cash,1957,12,27,3
Veneer,José González,2003,11,31,3
Re,Café Tacvba,1994,20,60,2
Ultra Mono,IDLES,2020,12,43,3
Abbey Road,The Beatles,1969,17,47,2
2,Mac DeMarco,2012,11,31,3
Love Yourself 'Her',BTS,2017,9,31,3
Glow On,Turnstile,2021,15,35,3
A Har Day's Night,The Beatles,1964,13,30,3
Vital Idol,Billy Idol,1985,7,42,2
One Wayne G,Mac DeMarco,2023,199,570,1
15 Inmortales de Pedro Infante,Pedro Infante,1998,15,43,2
Death Magnetic,Metallica,2008,10,74,3
Revolver,The Beatles,1966,14,35,2
Tirannosaurus Hives,The Hives,2004,12,30,2
Dulce Beat,Belanova,2006,11,37,2
All Hope Is Gone,Slipknot,2008,15,76,3
Bayou Country,CCR,1969,7,34,5
Appetite For Destruction,Guns N Roses,1987,12,54,3
Atlas,Real Estate,2014,10,38,5
We Are Motorhead,Motorhead,2000,10,38,3
Another One,Mac DeMarco,2015,8,24,3
Ali,Khruangbin,2022,8,37,3
Post,Bjork,1995,11,46,2
Plastic Beach,Gorillaz,2010,16,57,2
Arrival,ABBA,1976,12,42,2
A Man Without Love,Engelbert Humperdinck,1968,12,38,2
In Utero,Nirvana,1993,12,41,3
You Fail Me,Converge,2004,13,38,4
Green River,CCR,1969,9,29,2
Dance And Dense Denso,Molotov,2003,11,38,1
OK Computer,Radiohead,1997,12,54,4
The Resistance,Muse,2009,11,54,3
Avalancha de éxitos,Café Tacvba,1996,8,31,3
Nocturnal,The Black Dahlia Murder,2007,10,35,4
Third,Portishead,2008,12,52,2
Opus Eponymous,Ghost,2010,9,35,3
Sin Miedo (del Amor y Otros Demonios),Kali Uchis,2020,13,35,2
Deflorate,The Black Dahlia Murder,2009,10,34,4
Please Please Me,The Beatles,1963,14,33,4
Here Comes The Cowboy,Mac DeMarco,2019,13,47,4
Legend,Bob Marley,2002,16,72,2
A Moon Shaped Pool,Radiohead,2016,11,53,3
Sehnsucht,Rammstein,1997,11,44,1
Ten Thousand Fists,Disturbed,2005,14,56,2
Van,Clown Core,2020,12,17,1
We Are Not Your Kind,Slipknot,2019,14,63,3
My Way,Johnny Cash,,15,32,1
While You Were Away,Kasper Lindmark,2018,10,12,4
MTV Unplugged In New York,Nirvana,1994,14,54,3
Urban Hymns,The Verve,1997,13,75,2
Resident Evil 3 Nemesis OST,Capcom,1999,86,120,1
Licensed To III,Beastie Boys,1986,13,45,3
Loving,Loving,2016,7,18,3
The Colour And The Shape,Foo Fighters,1997,14,50,3
"The End, So Far",Slipknot,2022,12,58,2
Civilian,Wye Oak,2011,10,39,4
A Senile Animal,Melvins,2006,10,41,2
The Game,Queen,1980,10,36,3
Morrison Hotel,The Doors,1970,11,37,5
"Everybody Else Is Doing It, So Why Can't We?",The Cranberries,1993,12,41,2
Voulez-Vous,ABBA,1979,13,54,2
Cracker Island,Gorillaz,2023,10,37,2
Donde Estan los Ladrones,Shakira,1998,11,41,2
Bunny,Beach Fossils,2023,11,37,5
Heroes,David Bowie,1977,10,41,3
Motomami,Rosalía,2022,16,42,2
1984,Van Halen,1984,9,33,3
Americana,The Offspring,1998,14,43,1
=,Ed Sheeran,2021,14,48,1
Dinocrisis 2,Capcom,2000,50,62,2
Algo Hermoso Termina,Lunalé,2023,12,39,3
Taking My Time to Be,Strawberry Guy,2019,6,21,3
Greatest Hits,Queen,1981,17,58,3
Favourite Worst Nightmare,Artic Monkeys,2007,12,38,2
Little Queen,Heart,1977,10,39,2
Cosmo's Factory,CCR,1970,11,43,4
Zanaka,Jain,2016,10,33,1
Part One,The Peddlers,1993,17,54,3
If Children,Wye Oak,2008,11,42,2
Enema Of The State,blink-182,1999,12,35,2
Harry's House,Harry Styles,2022,13,42,2
A Thousand Leaves,Sonic Youth,1998,11,73,2
Paranoid,Black Sabbath,1970,8,42,3
Metal Health,Quiet Riot,1983,12,52,3
Orange,Fishmans,1994,9,40,3
Unknowns Pleasures,Joy Division,1979,10,39,3
Walking On A Dream,Empire Of The Sun,2009,1,48,2
Live Through This,Hole,1994,12,38,3
Thirteenth Step,A Perfect Circle,2003,12,51,3
Time Further Out,The Dave Brubeck Quartet,1961,11,47,3
Partamento,The Drums,2011,12,45,3
2 Hot!,Peaches & Herb,1978,8,38,3
Regional Chill,Palmasur,2023,11,30,1
Lo Mejor De Pescado Rabioso,Pescado Rabioso,1976,11,41,3
Memento Mori,Depeche mode,2023,12,50,3
The Best Of Alton Ellis,Alton Ellis,1987,12,38,1
Mob Rules,Black Sabbath,1981,9,40,3
Slow Air,Still Corners,2018,10,41,2
Fine Line,Harry Styles,2019,12,47,3
With The Beatles,The Beatles,1963,14,33,1
Modern Life Is Rubbish,Blur,1993,14,59,2
Map Of The Soul: Persona,BTS,2019,7,26,2
Felons And Revolutionaries,Dope,1999,14,47,2
High Risk Behaviour,The Chats,2020,14,28,3
Reckles And Relentless,Asking Alexandria,2011,12,42,2
Begin Here,The Zombies,1965,14,34,2
The Soft Parade,The Doors,1969,9,34,1
Use Your Illusion I,Guns N Roses,1991,16,60,2
Reencuentro,José José,1977,10,38,4
Clash The Truth,Beach Fossils,2013,14,35,3
Time Out,The Dave Brubeck Quartet,1959,7,38,5
Kind Of Blue,Miles Davis,1959,5,46,3
Mr Bad Guy,Freddie Mercury,1985,11,41,2
Doom,Job For A Cowboy,2005,7,27,3
Desolation of Eden,Chelsea Grin,2010,11,35,4
Brilliant Corners,Thelonious Monk,1957,5,43,3
"Exuma, The Obeah Man",Exuma,1970,7,39,2
Rock And Roll Night Club,Mac DeMarco,2012,12,32,3
the color grey.,jev.,2022,8,22,4
Forever Blue,Chris Isaak,1995,13,40,2
Straight Outta Compton,NWA,1988,13,60,2
The Rise and Fall of Ziggy Stardust and the Spiders From Mars,David Bowie,1972,11,39,3
Rumours,Fleetwood Mac,1977,11,40,2
Black Sunday,Cypress HIll,1993,14,44,2
Evolve,Chelsea Grin,2012,5,21,4
Jazz Impressions Of Japan,The Dave Brubeck Quartet,1964,8,35,4
Eastern Sounds,Yusef Lateef,1961,9,39,2
Timber Timbre,Timber Timbre,2009,8,36,4
Dynasty,Kiss,1979,9,39,3
La Pena de Estar Sin Ti,Lunalé,2019,8,27,2
Broken Kids Club,Carig Xen,2019,7,15,2
Eliminator,ZZ Top,1983,11,45,3
Our Endless War,Whitechapel,2014,12,45,4
The Temptations Sing Smokey,The Temptations,1965,12,34,1
Divide,Ed Sheeran,2017,16,60,1
Hail To the Thief,Radiohead,2003,14,57,3
The King Of Limbs,Radiohead,2011,8,37,4
Smash Mouth,Smash Mouth,2001,15,52,2
A Love Supreme,John Coltrane,1965,4,33,4
Liebe ist fur alle da,Rammstein,2009,16,68,2
Wisconsin Death Trip,Static X,1999,12,44,3
Submarine,Alex Turner,2011,6,19,3
Roseland NYC Live,Portishead,1998,11,57,3
Santana,Santana,1969,9,37,4
As Daylight Dies,Killswitch Engage,2006,15,59,3
…Baby One More Time,Britney Spears,1999,16,60,2
Daydream Nation,Sonic Youth,1988,14,70,2
Use Your Illusion II,Guns N Roses,1991,14,75,3
Loaded,The Velvet Underground,1970,14,55,3
Cigarettes After Sexy,Cigarettes After Sex,2017,10,47,4
Torches,Foster The People,2011,10,38,4
Caravana,Wos,2019,7,20,3
I.,Cigarettes After Sex,2012,4,18,3
Ascendancy,Trivium,2005,12,55,3
Heaven Tonight,Cheap Trick,1978,11,43,3
D-Day,Agust D,2023,10,32,2
Follow The Leader,Korn,1998,14,67,1
Super Trouper,ABBA,1980,12,50,2
Gold Cobra,Limp Bizkit,2011,13,50,2
What A Pleasure,Beach Fossils,2011,8,23,3
Van Halen,Van Halen,1978,11,35,3
Dirty Deeds Done Dirt Cheap,ACDC,1976,9,40,2
Are You Gonna Go My Way,Lenny Kravitz,1993,11,47,3
My Favorite Things,John Coltrane,1961,4,41,4
(),Sigur Ros,2002,8,71,3
Chet Baker Sings,Chet Baker,1956,14,44,4
Dañado,Ivan Cornejo,2022,7,25,3
Okie,J.J. Cale,1974,12,29,2
Abraxas,Santana,1970,9,37,3
John Coltrane And Johnny Hartman,John Coltrane,1963,6,31,5
A Date With The Everly Brothers,The Everly Brothers,1960,12,28,3
Real Estate,Real Estate,2009,10,39,3
Atlas,Parkway Drive,2012,12,48,3
Waiting For The Sun,The Doors,1968,11,33,2
Lullabies To Paralyze,Queens Of The Stone Age,2005,14,60,3
IV,BadBadNotGood,2016,11,50,3
"All Killer, No Filler",Sum 41,2001,13,32,2
Mezmerize,System Of A Down,2005,11,36,3
Cause & Effect,BALTHVS,2022,10,40,3
Somethin' Else,Cannonball Adderley,1958,6,44,3
Siembra,Willie Colon,1978,7,43,3
Impressions,John Coltrane,1963,4,37,4
Daltónico,Enjambre,2010,13,47,3
Mechanical Animals,Marilyn Manson,1998,14,62,3
Animals,The Animals,1964,12,39,4
Off The Wall,Michael Jackson,1979,10,42,3
Heligoland,Massive Attack,2010,14,75,3
Smash Mouth,The Offspring,1994,14,47,1
Eye In The Sky,The Alan Parsons Project,1982,10,76,2
Rubber Soul,The Beatles,1965,14,36,2
Drums Unlimited,Max Roach,1966,6,41,3
Nimrod,Green Day,1997,18,49,2
Stray Cats,Stray Cats,1981,12,37,3
Social Cues,Cage The Elephant,2019,13,45,2
Graduation,Kanye West,2007,14,54,2
Boy Of The Year,Warren Hue,2022,12,31,2
There Is Nothing Left To Lose,Foo Fighters,1999,11,46,4
Wolf,"Tyler, The Creator",2013,18,70,2
ITEKOMA HITS,Otoboke Beaver,2019,14,27,3
Liquid Swords,GZA,1995,13,55,2
Hiking Lung,Psycada,2022,7,32,2
21,Adele,2011,11,48,3
The Joshua Tree,U2,1987,11,50,3
Coltrane Time,John Coltrane,1959,4,34,3
Meat Is Murder,The Smiths,1985,9,40,3
Animal Tracks,The Animals,1965,11,33,2
Paul Boutique,Beastie Boys,1989,23,53,2
GUTS,Olivia Rodrigo,2023,12,39,4
Barbie The Album,Various Artist,2023,17,44,2
Avalancha,Heroes Del Silencio,1995,12,59,3
Hatful Of Hollow,The Smiths,1984,16,56,3
Drunk,Thundercat,2017,23,52,2
The Romantic,The Romantics,1980,11,37,2
Let There Be Rock,ACDC,1977,8,41,3
Ballads,Dexter Gordon,1991,8,63,3
Aladdin Sane,David Bowie,1973,10,42,3
Random Album Title,deadmau5,2008,12,72,3
Harry Styles,Harry Styles,2017,10,40,3
4x4=12,deadmau5,2010,10,65,3
2Pacalypse Now,2Pac,1991,13,55,2
Let's Get It On,Marvin Gaye,1973,8,32,1
Confessions On A Dance Floor,Madonna,2005,12,56,2
Layover,V,2023,6,18,3
Super Champon,Otoboke Beaver,2022,18,21,1
Amnesiac,Radiohead,2001,11,44,3
Shapes Of Things,The Yardbirds,1977,10,32,3
Master Of Puppets,Metallica,1986,8,55,4
Tonantzin,Flor Amargo,2021,12,40,3
Wish You Were Here,Pink Floyd,1975,5,44,4
Weedkiller,Ashnikko,2023,13,33,2
Rant N Rave With The Stray Cats,Stray Cats,1983,10,31,3
Genesis,Peso Pluma,2023,17,54,3
Hunky Dory,David Bowie,1971,11,42,2
Boogie Curse,The Baboons,2017,12,29,2
UNO,Green Day,2012,12,42,3
I Never Die,G Idle,2022,8,24,2
The Getaway,Red Hot Chilli Peppers,2016,13,54,2
Me Against The World,2Pac,1995,15,65,2
The Fool,Jain,2023,11,38,2
Mer De Noms,A Perfect Circle,2000,12,45,3
White Pony,Deftones,2000,12,53,3
Lishlife,Bowery Electric,2000,10,51,4
Frontiers,Journey,1983,14,58,2
Holy Wood,Marilyn Manson,2000,19,68,2
The Album,Blackpink,2020,8,25,3
Young Americans,David Bowie,1975,8,41,3
Nobody But Me,The Human Beinz,1968,11,29,2
Among My Swan,Mazzy Star,1996,12,54,3
Beach Fossils,Beach Fossils,2010,11,34,2
Clé 1: MIROH,Stray Kids,2019,7,21,4
Combat Rock,The Clash,1972,12,46,2
Berry Is On Top,Chuck Berry,1959,12,31,2
I Am WHO,Stray Kids,2018,7,21,1
Tiny Cities,Sun Kil Moon,2005,11,31,3
Disraeli Gears,Cream,1967,11,33,3
You Are The Quarry,Morrissey,2004,12,47,1
Beatles For Sale,The Beatles,1964,14,34,3
Wooly Bully,Sam The Sham & The Pharaohs,1965,12,29,4
Adderall,Slipknot,2023,6,19,3
Help!,The Beatles,1965,14,34,3
Aenima,TOOL,1996,15,77,2
R.A.P. Music,Killer Mike,2012,12,46,4
Sunlight,Herbie Hancock,1978,5,39,3
Chinese Democracy,Guns N Roses,2008,14,71,2
"10,000 Days",TOOL,2006,11,75,4
Suicide Season,Bring Me The Horizon,2008,10,42,5
Space Oddity,David Bowie,1969,9,46,2
Lush Life,John Coltrane,1961,5,37,4
Quebec,Ween,2003,15,55,3
Haciendolo Fino,Aleman,2023,19,53,2
Fear Inoculum,TOOL,2019,10,60,3
Out Of Our Heads,The Rolling Stones,1965,12,33,2
Great Gonzos!,Ted Nugent,1981,13,62,3
Magical Mystery Tour,The Beatles,1967,11,37,2
Pronunced'  Leh'-Nerd Skin'Nerd,Lynyrd Skynyrd,1973,8,43,2
MCMXC,Enigma,1990,7,40,3
The Cross Of Changes,Enigma,1993,9,44,2
Sinner,Drowning Pool,2001,11,37,4
Hybrid Theory,Linkin Park,2000,15,49,2
Because The Internet,Childish Gambino,2013,19,58,2
Soultrane,John Coltrane,1958,5,40,4
The Eminem Show,Eminem,2002,20,77,2
Funeral,Arcade Fire,2004,10,48,3
Hasta La Raiz,Natalia Lafourcade,2015,17,73,3
Feets Don't Fail Me Now,Herbie Hancock,1979,7,48,4
Sempiternal,Bring Me The Horizon,2013,13,54,3
Rush,Rush,1974,8,40,3
Somke 'em if You Got 'em,The Reverend Horton Heat,1991,12,40,3
Spice,Spice Girls,1996,10,40,3
Ready To Be,Twice,2023,7,20,1
My Beautiful Dark Twisted Fantasy,Kanye West,2010,13,68,2
Talking Head '77,Talking Heads,1977,16,55,2
Kaya,Bob Marley & The Wailers,1978,11,42,2
Duke Ellington & John Coltrane,Duke Ellington & John Coltrane,1963,7,35,3
Greatest Hits,The Notorious BIG,2007,17,76,2
Full Circle,The Doors,1972,9,41,3
L.A. Woman,The Doors,1971,10,49,5
ye,Kanye West,2018,7,24,2
Opiate,TOOL,1992,6,27,3
Beauty & The Beat,Edan,2005,13,34,3
"good kid, m.A.A.d City",Kendrick Lamar,2012,13,73,2
In Heat,The Romantics,1983,10,34,4
Part One,The West Coast Pop Art Experimental,1967,13,37,2
Conditions,The Temper Trap,2009,10,42,4
The Uncanny Valley,Perturbator,2016,13,68,3
Creep On Creepin On,Timber Timbre,2011,10,40,3
I Never Loved A Man The Way I Love You,Aretha Franklin,1967,14,41,2
Ghost I-IV,Nine Inch Nails,2008,36,110,3
Invisible,La Ley,1995,12,53,1
Still,Nine Inch Nails,2002,9,43,3
mix pa llorar en tu cuarto,Ed Maverick,2018,9,32,2
Ghost V: Together,Nine Inch Nails,2020,8,70,3
Lovage,Timber Timbre,2023,8,33,4
Like A Virgin,Madonna,1984,11,51,2
The Queen Is Dead,The Smiths,1986,10,37,2
Bowery Electric,Bowery Electric,1995,9,49,3
L.D. 50,Mudvayne,2000,17,68,2
Strange Days,The Doors,1967,10,35,2
Audioslave,Audioslave,2002,14,65,4
Toxicity,System Of A Down,2001,15,44,3
Heathen Chemistry,Oasis,2002,12,48,3
Grandmaster Melle Mel & The Furious Five,Grandmster Flash & The Furious Five,,14,69,3
Purple Rain,Prince,1984,9,44,2
Strange Pleasures,Still Corners,2013,13,51,2
Ghost VI: Locusts,Nine Inch Nails,2020,15,83,4
A Farewell To Kings,Rush,1977,6,37,3
Led Zeppelin,Led Zeppelin,1969,9,45,4
Dr. Feelgood,Motley Crue,1989,11,45,3
Medicinals,Timber Timbre,2007,10,32,3
Eat The Elephant,A Perfect Circle,2018,12,57,3
Is This It,The Strokes,2001,11,36,4
"Sentimiento, Elegancia y Más Maldad",Arcángel,2023,19,54,2
"Girls, Girls, Girls",Motley Crue,1987,10,40,3
Room On Fire,The Strokes,2003,11,33,2
The Devil's Walk,Apparat,2011,10,48,3
The Way,Zack Hemsey,2011,10,44,4
Before We Were So Rudely Interrupted,The Animals,1977,10,38,3
Rooty,Basement Jaxx,2001,13,43,2
Me Chama De Gato Que Eu Sou Sua,Ana Frango Eletrico,2023,10,31,3
So Tonight That I Might See,Mazzy Star,1993,10,52,3
Leftoverture,Kansas,1976,10,55,2
The Slip,Nine Inch Nails,2008,10,44,3
Year Zero,Nine Inch Nails,2007,16,63,3
Homerun,Paulo Londra,2018,18,62,2
Full Moon Fever,Tom Petty,1989,12,40,3
…And Justice For All,Metallica,1988,9,65,4
I Love Rock N Roll,Joan Jett & The Blackhearts,1981,15,44,2
Bleach,Nirvana,1989,13,43,3
Willy And The Poor Boys,CCR,1969,13,43,3
Led Zeppelin IV,Led Zeppelin,1971,8,43,4
The E.N.D,Black Eyed Peas,2009,15,66,3
Clayman,In Flames,2000,13,50,4
The Elysian Grandeval Galeriarch,Infant Annihilator,2016,11,59,3
Agaetis Byrjun,Sigur Ros,1999,10,71,4
Modern Guilt,Beck,2008,10,33,3
Let It Be,The Beatles,1970,12,35,3
The Palpable Leprosy Of Poluttion,Infant Annihilator,2012,16,51,3
Led Zeppelin III,Led Zeppelin,1970,10,43,4
Louder Than Bombs,The Smiths,1987,24,73,3
Meteora,Linkin Park,2003,16,46,3
A Rush Of Blood To The Head,Coldplay,2002,11,54,5
Skin,Joy Crookes,2021,13,43,3
Mylo Xyloto,Coldplay,2011,14,44,3
Aha Shake Heartbreak,Kings Of Leon,2005,13,38,4
Hot Space,Queen,1982,11,44,3
Giant Steps,John Coltrane,1960,7,38,4
Sgt. Pepper's Lonely Hearts Club Band,The Beatles,1967,13,40,3
Bring A Little Lovin',Los Bravos,1968,12,29,3
A Million Ways To Murder,Kordhell,2023,15,32,2
It Is What It Is,Thundercat,2020,15,38,3
Back In Black,AC/DC,1980,10,42,4
Pet Sounds,The Beach Boys,1966,13,37,2
Get Your Wings,Aerosmith,1974,8,38,4
The Best Of Chet Baker Plays,Chet Baker,1992,14,55,3
Self Control,Laura Branigan,1984,10,40,3
Chaos And Disorder,Prince,1996,11,39,2
Her Loss,Drake / 21 Savage,2022,16,60,2
17,XXXTENTACION,2017,11,1,3
Carrie & Lowell,Sufjan Stevens,2015,11,44,4
Time Changes,The Dave Brubeck Quartet,1964,7,38,3
Honey,Ohio Players,1975,7,32,4
Power UP,AC/DC,2020,12,41,3
I Hear a New World,Joe Meek & The Blue Men,2015,12,33,1
Dreaming Of You,Selena,1995,14,68,3
Radio Futura,Radio Futura,1982,10,32,2
Ritchie Valens,Ritchie Valens,1959,12,25,4
Teen Tops,Los Teen Tops,1960,12,29,4
Silent Hill 3 OST,Akira Yamaoka,2003,26,76,3
Seven Swans,Sufjan Stevens,2004,12,46,3
Diamond Dogs,David Bowie,1974,11,39,2
That's The Spirit,Bring Me The Horizon,2015,11,45,3
Exodus,Bob Marley & The Wailers,1977,12,50,2
Reminiscing,Buddy Holly,1963,11,25,2
Bookends,Simon & Garfunkel,1968,12,29,3
The Velvet Underground & Nico,The Velvet Underground,1967,11,49,3
Reign In Blood,Slayer,1986,12,35,3
Lick It Up,KISS,1983,10,42,4
Tattoo You,The Rolling Stones,2021,11,45,3
RAM,Paul McCartney,1971,12,43,3
Anything Goes!,The Dave Brubeck Quartet,1967,8,49,3
Only By The Night,Kings Of Leon,2008,11,43,2
Horses,Patti Smith,1975,8,43,2
The End Of Heartache,Killswitch Engage,2004,18,65,3
Magma,Gojira,2016,10,44,3
I Fought The Law,The Bobby Fuller Four,1966,18,47,3
Feels Like Home,Norah Jones,2004,13,46,2
Body & Soul,Coleman Hawkins,1996,19,60,3
To Pimp A Butterfly,Kendrick Lamar,2015,16,78,3
Transiciones,Ed Maverick,2019,8,19,2
2,G-Idle,2024,8,21,3
News Of The World,Queen,1977,11,39,3
Settin' The Pace,John Coltrane,1987,4,41,4
Baptism,Lenny Kravitz,2004,13,54,2
Seasons In The Abyss,Slayer,1990,10,42,2
X&Y,Coldplay,2005,13,62,3
The Heist,Macklemore & Ryan Lewis,2012,15,64,1
Deep Blue,Parkway Drive,2010,13,44,2
Programaton,Zoé,2013,11,46,3
Norte (Japanese Version),Little Jesus,2014,15,66,4
Hasta El Fin Del Mundo,Kevin Karl,2019,12,48,3
ORQUÍDEAS,Kali Uchis,2024,14,44,3
The Marshall Mathers LP,Eminem,2000,18,72,1
Brother In Arms,Dire Straits,1985,9,55,3
Californication,Red Hop Chilli Peppers,1999,15,56,2
"Sincerely, Future Pollution",Timber Timbre,2017,9,40,3
St. Anger,Metallica,2003,11,75,4
King Of Rock,Run DMC,1985,9,44,1
Rio Salvaje,Little Jesus,2016,10,47,3
Budgie,Budgie,1971,8,41,3
New Model,Perturbator,2017,6,35,4
I Think We´re Alone Now,Tommy James & The Shondells,1967,12,0,3
Mutter,Rammstein,2001,11,45,2
Miles Davis & The Modern Jazz Giants,Miles Davis,1959,5,42,2
Nocturne,Wild Nothing,2012,11,45,3
True Blue,Madonna,1986,11,52,2
Random Access Memories,Daft Punk,2013,13,74,2
For Lack Of A Better Nme,deadmau5,2009,10,65,3
Nightflight To Venus,Boney M.,1978,12,54,3
Bad,Michael Jackson,1987,11,48,1
First Impressions Of Earth,The Strokes,2006,14,52,2
Orange,The Jon Spencer Blues Explosion,1994,13,45,3
Walkin',Miles Davis,1957,5,37,3
Doolittle,Pixies,1989,15,39,2
After Hours,The Weeknd,2020,14,56,2
McCartney II,Paul McCartney,1980,11,38,3
No More Tears,Ozzy Osbourne,1991,13,66,3
Pablo Honey,Radiohead,1993,12,42,1
New Juke Box Hits,Chuck Berry,1931,12,30,2
The Mourning Of A Star,Keith Jarrett,1971,11,44,2
Suspiria OST,Thom Yorke,2018,25,80,2
U218 Singles,U2,2006,18,74,1
Love For Sale,Boney M.,1977,12,49,3
Blue Haze,Miles Davis,1956,8,36,3
Future Weather,The War On Drugs,2010,8,18,1
It's Only Rock N Roll,The Rolling Stones,1974,10,48,2
ATTA,Sigur Ros,2023,10,27,2
A LA SALA,Khruangbin,2024,12,40,3
Hit Me Hard And Soft,Billie Eilish,2024,10,44,2
The Olympians,The Olympians,2016,11,40,3
La Cagaste…Burt Lancaster,Hombres G,1986,10,35,2
Korn,Korn,1994,12,65,3
Big Swimmer,King Hannah,2024,11,50,4
Time,Electric Light Orchestra,1981,13,44,3
Eternal Slowdown,Brad Stank,2018,7,28,2
Icywat Radio,Icywat,2019,23,76,2
Armageddon - The 1st Album,aespa,2024,10,31,1
TANGK,IDLES,2024,11,40,3
Bridge Over Trouble Water,Simon & Garfunkel,1970,11,37,2
Everyday Life,Coldplay,2019,16,53,3
Submarine,The Marias,2024,14,45,3
Surfin' Safari,The Beach Boys,1962,12,1,2
High Voltage,AC/DC,1976,9,44,3
ÉXODO,Peso Pluma,2024,24,78,2
I Hear You,Peggy Lou,2024,10,40,2
Silent Hill 4 OST,Akira Yamaoka,2004,22,73,3
Rocanlover,Zoé,2003,12,48,3
Piora Aquí,Ferran Palau,2024,13,27,1
París,La Oreja De Van Gogh,2004,12,43,1
Radical Optimism,Dua Lipa,2024,11,37,1
Fantastic Boney M,Boney M.,1984,16,59,2
Clancy,Twenty One Pilots,2024,13,47,2
Chealsea Girl,Nico,1967,10,48,2
Ready To Die,The Notorious BIG,1994,18,72,2
Sun Ship,John Coltrane,1971,5,43,4
Donnie Darko OST,Michael Andrews,2002,18,37,3
The Golden B-Boys,Funkdoobiest,2011,16,49,1
Hot Fuss,The Killers,2024,12,50,3
Jar,Superheaven,2013,12,41,3
This Is How Tomorrow Moves,beabadoobee,2024,14,41,3
Coltrane Jazz,John Coltrane,1961,12,72,2
Talkie Talkie,Los Bitchos,2024,12,40,3
Grow,Bedroom,2014,9,42,3
Illmatic,Nas,1994,10,40,5
american dream,21 Savage,2024,15,50,1
Bad Witch,Nine Inch Nails,2018,6,30,3
Song For The Deaf,Queens Of The Stone Age,2002,16,65,3
The Exiting Sound of Menahan Street Band,Mehanan Street Band,2021,14,38,2
Did you know that theres a tunnel under Ocean Blvd,Lana Del Rey,2023,16,77,3
The Chronic,Dr. Dre,1992,16,62,3
Meditations,John Coltrane,1966,5,41,4
DECIDE,Djo,2022,13,36,2
American Idiot,Green Day,2004,9,57,3
Resident Evil 2 OST,Capcom,1998,31,67,2
How To Dismantle An Atomic Bomb,U2,2004,12,52,3
"Cambia, Cambia",Los Dug Dug's,1975,10,36,4
If You Can Believe Your Eyes & Ears,The Mamas And The Papas,1966,12,35,3
The Wall,Pink Floyd,1979,26,80,1
Nancy Wilson/Cannonball Adderley,Nancy Wilson,1962,12,44,3
amo,Bring Me The Horizon,2019,13,52,2
Uprising,Bob Marley & The Wailers,1980,12,47,2
EL DISKO,Catriel,2021,11,32,3
Pipes Of Peace,Paul McCartney,1983,11,39,2
Viva La Vida Or Death And All His Friends,Coldplay,2008,10,46,3
Tomb Of The Mutilated,Cannibal Corpse,1992,10,39,4
Don Shirley Trio,Don Shirley,1961,12,56,3
Dookie,Green Day,1994,15,38,1
All Delighted People,Sufjan Stevens,2010,8,59,2
Jazz,Queen,1978,13,45,3
Out Of Exile,Audioslave,2005,12,54,3
The Death of Slim Shady,Eminem,2024,19,64,2
Desensitized,Drowning Pool,2004,11,39,2
Dire Straits,Dire Straits,1978,9,42,3
Scream Dream,Ted Nugent,1980,10,35,4
Nightbringer,The Black Dahlia Murder,2017,9,0,3
Diver Down,Van Halen,1982,12,31,3
Katrina & The Waves,Katrina & The Waves,1985,10,37,3
Silent Hill: The Headphone Covers,Akira Yamaoka,2023,7,14,3
Soulf Surfin',The Rythm Rockers,1994,14,37,3
POST HUMAN: NeX Gen,Bring Me The Horizon,2024,16,55,1
Load,Metallica,1996,14,78,2
Buddy Holly,Buddy Holly,1958,17,36,1
Hotel California,Eagles,1976,9,43,2
Come Around Sundown,King Of Leon,2010,16,61,2
Seed Cake On Leap Year,Cass McCombs,2024,10,45,2
Brand New Eyes,Paramore,2009,11,40,3
Final Summer,Cloud Nothings,2024,10,29,2
White Album,The Beatles,1968,30,93,2
The Gereg,The HU,2019,9,48,2
Whats Going On,Marvin Gaye,1971,21,75,2
Riot!,Paramore,2007,14,50,2
Detroid - The Invasion,Excision,2013,10,44,2
Cry,Cigarettes After Sex,2019,9,40,1
Necromanteum,Carnifed,2023,10,42,4
Oracular Spectacular,MGMT,2007,10,40,3
Codename X,Excision,2015,11,43,2
Whole Numbers Play The Basics,Casino Versus Japan,2002,14,45,1
Tapestry,Carole King,1971,12,45,3
Repentless,Slayer,2015,12,42,3
El Show Debe Continuar,Little Jesus,2024,12,48,5
In The Meantime,The Altons,2019,11,52,4
Michael & The Mighty Midnight Revival Songs For Sinners And Saints,Killer Mike,2024,10,39,4
X Rated (The Remixes),Excision,2012,11,32,3
Lo Pasado Pasado,José José,1980,10,38,2
The Blueprint,Jay Z,2001,15,73,2
Aftermath,The Rolling Stones,1966,11,43,2
The Battle Of Yaldabaoth,Infant Annihilator,2019,14,57,3
We Love You,Combichrist,2014,13,56,2
Daniel,Real Estate,2024,11,38,2
Moon Music,Coldplay,2024,10,44,3
Shine Away,Naked Giants,2024,9,33,3
Count Your Bleesings,Bring Me The Horizon,2006,10,36,4
Blunted On Reality,Fugees,1994,18,70,2
X's,Cigarettes After Sex,2024,10,38,1
Minutes To Midnight,Linkin Park,2007,14,50,3
Combo Estacional,Odisseo,2018,10,37,2
Short n' Sweet,Sabrina Carpenter,2024,12,36,3
Smite And Ignite,Pentakill,2014,8,30,3
20 Años,Luis Miguel,1990,10,40,3
Moon Safari,Air,1998,10,44,2
BORN PINK,BLACKPINK,2022,8,25,1
Can We Please Have Fun,King Of Leon,2024,12,45,3
I am,"Earth, Wind & Fire",1979,9,38,3
"Do Your Love Me, Or You Just Lonely?",Jess Bengo,2019,10,38,4
Fire Escape,Imaginary Future,2013,11,40,2
Enter The Wu Tang,Wu Tang Clan,1993,15,70,2
Wolfmother,Wolfmother,2006,13,54,3
Kick,INXS,1987,12,40,3
Route One,Sigur Ros,2018,8,40,4
Catarsis,Seb Rodriguez,2024,10,42,3
GNX,Kendrick Lamar,2024,12,44,2
Scum,Napalm Death,1987,28,33,1
"Sing Me A Lullaby, My Sweet Tempation",$uicide Boy$,2022,13,36,4
Ultra Sodade,Kevin Karl,2025,13,58,3
Heartache In Room 14,The Altons,2025,10,36,5
From Zero,Linkin Park,2024,11,32,3
Reload,Metallica,1997,13,76,2
Take The Heat Off Me,Boney M.,1976,10,43,3
PAPOTA,Catriel & Paco Amoroso,2025,9,27,3
NO HANDS,Joey Valence & Brae,2024,12,31,4
Ours Is Chrome,Superheaven,2015,11,44,3
Superheaven,Superheaven,2025,10,31,5
Sorry For Party Rocking,LMFAO,2010,16,59,1
Amor Amor,José José,1980,10,39,3
Day & Age,The Killers,2008,12,49,3
Honkey Chateau,Elton John,1972,11,48,3
For Those About To Rock (We Salute You),AC/DC,1981,10,41,3
Loyal To The Game,2Pac,2004,17,64,1
Come Clarity,In Flames,2006,13,48,4
Chavos Bien,Los Blenders,2015,8,23,2
Black Velvet,Charles Bradley,2018,9,34,3
Silent Running,65daysofstatic,2024,15,56,3
Shelter,Alice Phoebe Lou,2023,9,31,3
Eyes,Galvin,2015,12,37,3
Madvillainy,Madvillain,2004,22,46,2
Anathema,Oblique Ocassions,2022,10,51,4
Perfect Storm,Oblique Ocassions,2024,10,47,3
原点,Oblique Ocassions,2022,9,46,3
IGOR,"Tyler, The Creator",2019,12,40,3
Vespertine,Bjork,2001,12,56,4
Blue Train,John Coltrane,1957,5,42,4
xx,The XX,2009,11,39,3
Fore!,Huey Lewis & The News,1986,10,38,3
MICHAEL,Killer Mike,2023,14,54,2
Beatopia,beabadoobee,2022,14,46,3
Hot Pink,Doja Cat,2019,12,40,2
Punk Tactics,Joey Valence & Brae,2023,14,31,3
Romantic,Fontaines DC,2024,11,37,3
No Mans Sky: Music For An Infinite Universe,65daysofstatic,2016,16,110,3
Animus,Oblique Ocassions,2021,14,63,3
El Sur,Girl Ultra,2022,7,22,3
Equus Asinus,Men I Trust,2025,14,44,2
Silent Despair,Oblique Ocassions,2024,9,39,3
Connected,Stereo MC,1992,12,53,4
Solipsism,Oblique Ocassions,2024,9,40,4
Study In Brown,Clifford Brown,1955,9,40,4
Lune Rouge,Tokimonsta,2017,11,39,2
危​険​な​心​痛 LP,Oblique Ocassions,2023,9,41,3
Artic Eggs: Volumen 2,Cameron Ginex,2024,9,24,2
Fake It Flowers,beabadoobee,2020,12,41,3
All Summer Long,The Beach Boys,1964,12,26,3
All That You Cant Leave Behind,U2,2000,12,53,3
Transition,John Coltrane,1970,4,52,4
Aporia,Sufjan Stevens,2020,21,42,1
Disco De Oro,Little Jesus,2019,11,41,4
Electric Ladyland,Jimi Hendrix,1968,16,75,2
Let's Dance,David Bowie,1983,8,40,3
New World Depression,$uicide Boy$,2024,13,34,4
The Best Of The Spencer Davis,The Spencer Davis Group,2019,14,38,3
Thy Kingdom Come,$uicide Boy$,2025,10,29,4
"The Good, The Bad adn The Ugle (OST)",Ennio Morricone,1966,21,59,2
Englan's Newest Hitmakers,The Rolling Stones,1964,12,31,4
Beauty Behind The Madness,The Weeknd,2015,14,65,2
The Life Of Pablo,Kanye West,2016,20,66,2
"If Not Now, When?",Incubus,2011,11,50,3
Caballo Negro,Ilan Amores,2024,13,43,3
Hyperyouth,Joey Valence & Brae,2025,14,44,1
Quatro,Suzi Quatro,1974,16,59,1
Guitar,MacDemarco,2025,12,31,3
Sing When You're Winning,Robbie Williams,2000,13,75,3
Hozier,Hozier,2014,13,53,3
Life Thru A Lens,Robbie Williams,1997,11,53,3
Quit Quietly,Sunset Rollecoaster,2025,11,43,4
The Hives Forever Forever The Hives,The Hives,2025,13,33,2
Stiff Upper Lip,AC/DC,2000,12,47,2
Romances,Luis Miguel,1997,14,52,2
cmffrt gang,Pozle,2023,9,17,3
DIRTIESTNASTIEST$UICIDE,$uicide Boy$,2022,7,20,4
The Wee Small Hours: B-Sides and Other Detritus,Real Estate,2025,12,43,3
Doble Vida,Soda Stereo,1988,9,42,3
Now the Moon's Rising,$uicide Boy$,2015,10,20,3
The BQE,Sufjan Stevens,2009,13,40,2
"LONERWRLD, vol 2",jev.,2025,7,17,3
Viaje Por Lo Eterno,Reyno,2014,10,37,4
Loss Of Life,MGMT,2024,10,45,1
Diamond Eyes,Deftones,2010,11,41,3
Gipsy Kings,Gipsy Kings,1987,12,43,2
Stop Staring At The Shadows,$uicide Boy$,2020,12,26,2
Sinseerly Yours,Thee Sineers,2024,10,38,3
cats in the coold,mage tears,2022,11,28,3
bbno$,bbno$,2025,21,50,3
An American Prayer,The Doors,1978,23,46,2
Back To The Egg,Wings,1979,14,42,1
Vacation II,Acid Ghost,2016,8,19,3
private music,Deftones,2025,11,42,4
Blood Of My Enemy,Winds of Plague,2017,12,39,2
Gone Gone Gone,CHarlie Fearthers,1956,16,38,2
Get Born,Jet,2003,13,49,3
"Right Places, Wrong Person",RM,2024,11,35,2
DON'T TAP THE GLASS,"Tyler, The Creator",2025,10,28,1
Thee Sacred Souls,Thee Sacred Souls,2022,12,39,2
Thy Will Be Done,$uicide Boy$,2025,10,30,5
